순위,도서명,저자명,출판사,출판년도,ISBN13,주제분류명,대출건수
1,소년이 온다 :한강 장편소설 ,지은이: 한강,창비,2014,9788936434120,문학 > 한국문학 > 소설,10098
2,모순 :양귀자 장편소설 ,지은이: 양귀자,쓰다,2013,9788998441012,문학 > 한국문학 > 소설,8926
3,작별하지 않는다 :한강 장편소설 ,지은이: 한강,문학동네,2021,9788954682152,문학 > 한국문학 > 소설,7939
4,나는 소망한다 내게 금지된 것을 :양귀자 장편소설 ,지은이: 양귀자,쓰다,2019,9788998441074,문학 > 한국문학 > 소설,7843
5,홍학의 자리 :정해연 장편소설 ,지은이: 정해연,문학동네,2021,9788954681155,문학 > 한국문학 > 소설,7814
6,"물고기는 존재하지 않는다 :상실, 사랑 그리고 숨어 있는 삶의 질서에 관한 이야기 ",룰루 밀러 지음 ;정지인 옮김,곰출판,2021,9791189327156,자연과학 > 동물학 > 동물학,6510
7,지구 끝의 온실 :김초엽 장편소설 ,지은이: 김초엽,Giant Books(자이언트북스),2021,9791191824001,문학 > 한국문학 > 소설,6471
8,급류 :정대건 장편소설 ,지은이: 정대건,민음사,2022,9788937473401,문학 > 한국문학 > 소설,6415
9,채식주의자 :한강 장편소설 ,지은이: 한강,창비,2022,9788936434595,문학 > 한국문학 > 소설,6257
10,지구에서 한아뿐 :정세랑 장편소설 ,지은이: 정세랑,난다,2019,9791188862290,문학 > 한국문학 > 소설,5625
11,종의 기원 =정유정 장편소설 /The origin of species ,지은이: 정유정,은행나무,2016,9788956609959,문학 > 한국문학 > 소설,5475
12,천 개의 파랑 :천선란 장편소설 ,지은이: 천선란,허블,2020,9791190090261,문학 > 한국문학 > 소설,5406
13,"칵테일, 러브, 좀비 ",지은이: 조예은,안전가옥,2020,9791190174756,문학 > 한국문학 > 소설,5186
14,이끼숲 :천선란 연작소설 ,지은이: 천선란 ;일러스트: 점선면,자이언트북스,2023,9791191824216,문학 > 한국문학 > 소설,5100
15,바깥은 여름 :김애란 소설 ,지은이: 김애란,문학동네,2017,9788954646079,문학 > 한국문학 > 소설,5099
16,채식주의자:한강 연작소설,한강,창비,2007,9788936433598,문학 > 한국문학 > 소설,4800
17,우리가 빛의 속도로 갈 수 없다면 :김초엽 소설 ,지은이: 김초엽,허블,2019,9791190090018,문학 > 한국문학 > 소설,4704
18,단 한 사람 :최진영 장편소설 ,지은이: 최진영,한겨레엔,2023,9791160405750,문학 > 한국문학 > 소설,4533
19,파과 :구병모 장편소설 ,지은이: 구병모,위즈덤하우스 미디어그룹,2018,9791162203620,문학 > 한국문학 > 소설,4491
20,밝은 밤 :최은영 장편소설 ,지은이: 최은영,문학동네,2021,9788954681179,문학 > 한국문학 > 소설,4408
21,트로피컬 나이트 =조예은 소설집 /Tropical night ,지은이: 조예은,한겨레엔,2022,9791160408331,문학 > 한국문학 > 소설,4362
22,구의 증명 :최진영 소설 ,지은이: 최진영,은행나무,2015,9788956608556,문학 > 한국문학 > 소설,4227
23,혼모노 :성해나 소설집 ,지은이: 성해나,창비,2025,9788936439743,문학 > 한국문학 > 소설,4194
24,돌이킬 수 있는 =문목하 장편소설 /Eversible ,지은이: 문목하,아작,2018,9791189015381,문학 > 한국문학 > 소설,4163
25,귀신들의 땅 :천쓰홍 장편 소설 ,지은이: 천쓰홍 ;옮긴이: 김태성,민음사,2023,9788937454820,문학 > 중국문학 > 소설,4118
26,해가 지는 곳으로 :최진영 장편소설 ,지은이: 최진영,민음사,2017,9788937473166,문학 > 한국문학 > 소설,4088
27,불편한 편의점 :김호연 장편소설 ,지은이: 김호연,나무옆의자,2021,9791161571188,문학 > 한국문학 > 소설,3964
28,"시선으로부터, :정세랑 장편소설 ",지은이: 정세랑,문학동네,2020,9788954672214,문학 > 한국문학 > 소설,3935
29,모우어 :천선란 소설 ,지은이: 천선란,문학동네,2024,9791141601447,문학 > 한국문학 > 소설,3903
30,프로젝트 헤일메리 ,앤디 위어 지음 ;강동혁 옮김,RHK(알에이치코리아),2021,9788925588735,문학 > 영미문학 > 소설,3893
31,이처럼 사소한 것들 :클레어 키건 소설 ,지은이: 클레어 키건 ;옮긴이: 홍한별,다산북스,2023,9791130646381,문학 > 영미문학 > 소설,3793
32,이중 하나는 거짓말 :김애란 장편소설 ,지은이: 김애란,문학동네,2024,9791141601300,문학 > 한국문학 > 소설,3695
33,희랍어 시간 :한강 장편소설 ,지은이: 한강,문학동네,2011,9788954616515,문학 > 한국문학 > 소설,3648
34,구의 증명 ,최진영 지음,은행나무,2023,9791167372864,문학 > 한국문학 > 소설,3638
35,완전한 행복 :정유정 장편소설 ,지은이: 정유정,은행나무,2021,9791167370280,문학 > 한국문학 > 소설,3587
36,대온실 수리 보고서 :김금희 장편소설 ,지은이: 김금희,창비,2024,9788936439651,문학 > 한국문학 > 소설,3567
37,아가미 :구병모 장편소설 ,지은이: 구병모,위즈덤하우스,2018,9791162203392,문학 > 한국문학 > 소설,3563
38,"도둑맞은 집중력 :집중력 위기의 시대, 삶의 주도권을 되찾는 법 ",요한 하리 지음 ;김하현 옮김,어크로스(어크로스출판그룹),2023,9791167740984,철학 > 심리학 > 각론,3540
39,두 사람의 인터내셔널 :김기태 소설 ,지은이: 김기태,문학동네,2024,9788954697941,문학 > 한국문학 > 소설,3510
40,"파쇄 :일단 마음먹고 칼을 집었으면, 뜸 들이지 마 ",지은이: 구병모,위즈덤하우스,2023,9791168127012,문학 > 한국문학 > 소설,3485
41,달러구트 꿈 백화점 :주문하신 꿈은 매진입니다 ,지은이: 이미예,팩토리나인,2020,9791165341909,문학 > 한국문학 > 소설,3458
42,아주 희미한 빛으로도 :최은영 소설 ,지은이: 최은영,문학동네,2023,9788954695053,문학 > 한국문학 > 소설,3392
43,오렌지와 빵칼 =청예 장편소설 /Orange and bread knife ,지은이: 청예,허블,2024,9791193078259,문학 > 한국문학 > 소설,3388
44,용의자 X의 헌신 ,히가시노 게이고 지음 ;양억관 옮김,재인,2017,9788990982704,문학 > 일본문학 > 소설,3318
45,입속 지느러미 :조예은 장편소설 ,지은이: 조예은,한겨레엔,2024,9791172130633,문학 > 한국문학 > 소설,3311
46,(EBS 다큐프라임) 자본주의 ,EBS MEDIA 기획 ;EBS <자본주의> 제작팀 지음,가나문화콘텐츠,2013,9788957365793,사회과학 > 경제학 > 경제정책,3291
47,브람스를 좋아하세요 ,프랑수아즈 사강 [지음] ;김남주 옮김,민음사,2008,9788937461798,문학 > 프랑스문학 > 소설,3273
48,비눗방울 퐁 :이유리 소설집 ,지은이: 이유리,민음사,2024,9788937428234,문학 > 한국문학 > 소설,3267
49,돈의 속성 :최상위 부자가 말하는 돈에 대한 모든 것 ,지은이: 김승호,Snowfox(스노우폭스북스),2020,9791188331796,사회과학 > 경제학 > 금융,3236
50,사랑과 결함 :예소연 소설 ,지은이: 예소연,문학동네,2024,9791141601102,문학 > 한국문학 > 소설,3208
51,흰 :한강 소설 ,지은이: 한강,문학동네,2018,9788954651134,문학 > 한국문학 > 소설,3192
52,대도시의 사랑법 :박상영 연작소설 ,지은이: 박상영,창비,2019,9788936437978,문학 > 한국문학 > 소설,3167
53,내가 한 말을 내가 오해하지 않기로 함 ,지은이: 문상훈,위너스북,2024,9791189352745,문학 > 한국문학 > 르포르타주 및 기타,3160
54,파견자들 :김초엽 장편소설 ,지은이: 김초엽,퍼블리온,2023,9791191587524,문학 > 한국문학 > 소설,3138
55,긴키 지방의 어느 장소에 대하여 :세스지 장편소설 ,지은이: 세스지 ;옮긴이: 전선영,오팬하우스,2025,9791194654063,문학 > 일본문학 > 소설,3083
56,왜 나는 너를 사랑하는가,알랭 드 보통 [지음];정영목 옮김,청미래,2007,9788986836240,문학 > 영미문학 > 소설,3066
57,랑과 나의 사막 :천선란 소설 ,지은이: 천선란,H(현대문학),2022,9791167901354,문학 > 한국문학 > 소설,3062
58,아주 작은 습관의 힘 :최고의 변화는 어떻게 만들어지는가 ,제임스 클리어 지음 ;이한이 옮김,비즈니스북스,2019,9791162540640,철학 > 심리학 > 각론,3047
59,오로라 ,지은이: 최진영,위즈덤하우스,2024,9791168127500,문학 > 한국문학 > 소설,3017
60,자몽살구클럽,한로로 (HANRORO) (지은이),어센틱,2025,9791199305304,,3001
61,궤도 ,지은이: 서맨사 하비 ;옮긴이: 송예슬,서해문집,2025,9791194413394,문학 > 영미문학 > 소설,2994
62,스노볼 드라이브 :조예은 장편소설 ,지은이: 조예은,민음사,2021,9788937473319,문학 > 한국문학 > 소설,2941
63,테디베어는 죽지 않아 :조예은 장편소설 ,지은이: 조예은,안전가옥,2023,9791193024225,문학 > 한국문학 > 소설,2930
64,(2500년 동안 사랑받은) 초역 부처의 말 :행복으로 가는 길은 없다 행복이 곧 길이다 ,코이케 류노스케 지음 ;박재현 옮김,콘텐츠그룹 포레스트,2024,9791193506516,"종교 > 불교 > 법어, 신앙록, 신앙생활",2927
65,적산가옥의 유령 :조예은 소설 ,지은이: 조예은,H(현대문학),2024,9791167902580,문학 > 한국문학 > 소설,2917
66,돈은 좋지만 재테크는 겁나는 너에게 ,뿅글이 지음,첨단,2023,9788960306134,사회과학 > 경제학 > 금융,2899
67,아이가 없는 집 ,지은이: 알렉스 안도릴 ;옮긴이: 유혜인,필름,2024,9791193262184,문학 > 독일문학 > 기타 게르만 문학,2884
68,세이노의 가르침 :피보다 진하게 살아라 ,세이노 지음,데이원,2023,9791168473690,사회과학 > 경제학 > 경영관리,2882
69,쇼코의 미소 :최은영 소설 ,지은이: 최은영,문학동네,2016,9788954641630,문학 > 한국문학 > 소설,2881
70,어떤 물질의 사랑 :천선란 소설집 ,지은이: 천선란,아작,2020,9791165508340,문학 > 한국문학 > 소설,2872
71,나미야 잡화점의 기적 :히가시노 게이고 장편소설 ,지은이: 히가시노 게이고 ;옮긴이: 양윤옥,현대문학,2012,9788972756194,문학 > 일본문학 > 소설,2825
72,싯다르타,헤르만 헤세 지음;박병덕 옮김,민음사,2002,9788937460586,문학 > 독일문학 > 소설,2812
73,사랑의 기술 ,에리히 프롬 지음 ;황문수 옮김,문예출판사,2019,9788931011623,철학 > 심리학 > 각론,2764
73,미드나잇 라이브러리 ,매트 헤이그 지음 ;노진선 옮김,인플루엔셜,2021,9791191056556,문학 > 영미문학 > 소설,2764
75,가면산장 살인사건 ,지은이: 히가시노 게이고 ;옮긴이: 김난주,재인,2014,9788990982575,문학 > 일본문학 > 소설,2750
76,돈의 심리학 :당신은 왜 부자가 되지 못했는가 ,모건 하우절 지음 ;이지연 옮김,인플루엔셜,2021,9791191056372,사회과학 > 경제학 > 금융,2744
77,참을 수 없는 존재의 가벼움 ,지은이: 밀란 쿤데라 ;옮긴이: 이재룡,민음사,2018,9788937437564,문학 > 기타 제문학 > 인도-유럽계문학,2740
78,방금 떠나온 세계 :김초엽 소설집 ,지은이: 김초엽,한겨레엔,2021,9791160406504,문학 > 한국문학 > 소설,2729
79,내가 틀릴 수도 있습니다 =숲속의 현자가 전하는 마지막 인생수업 /I may be wrong ,비욘 나티코 린데블라드 지음 ;박미경 옮김,다산북스,2022,9791130689890,종교 > 불교 > 불교,2704
80,삼체 =The three body ,류츠신 지음 ;허유영 옮김,자음과모음,2020,9788954442695,문학 > 중국문학 > 소설,2701
81,7년의 밤 :정유정 장편소설 ,지은이: 정유정,은행나무,2011,9788956604992,문학 > 한국문학 > 소설,2690
82,내가 되는 꿈 :최진영 장편소설 ,지은이: 최진영,H(현대문학),2021,9791190885621,문학 > 한국문학 > 소설,2678
83,노르웨이의 숲 =Norwegian wood ,지은이: 무라카미 하루키 ;옮긴이: 양억관,민음사,2017,9788937434488,문학 > 일본문학 > 소설,2666
84,절창 :구병모 장편소설 ,지은이: 구병모,문학동네,2025,9791141602451,문학 > 한국문학 > 소설,2662
85,내게 무해한 사람 :최은영 소설 ,지은이: 최은영,문학동네,2018,9788954651820,문학 > 한국문학 > 소설,2643
86,두고 온 여름 :성해나 소설 ,지은이: 성해나,창비,2023,9788936439002,문학 > 한국문학 > 소설,2618
86,만조를 기다리며 :우리 숨바꼭질 기억해? ,지은이: 조예은,위즈덤하우스,2023,9791168127128,문학 > 한국문학 > 소설,2618
88,나는 메트로폴리탄 미술관의 경비원입니다 :가장 경이로운 세계 속으로 숨어버린 한 남자의 이야기 ,패트릭 브링리 지음 ;조현주 옮김,웅진씽크빅,2023,9788901276533,문학 > 영미문학 > 르포르타주 및 기타,2600
89,자기 앞의 生 :에밀 아자르 장편소설 ,지은이: 에밀 아자르 ;옮긴이: 용경식,문학동네,2015,9788982816635,문학 > 프랑스문학 > 소설,2576
90,여름은 고작 계절 :김서해 장편소설 ,지은이: 김서해,위즈덤하우스,2025,9791171713929,문학 > 한국문학 > 소설,2555
91,저주토끼 (리커버),정보라 (지은이),아작,2022,9791166686665,,2551
92,치치새가 사는 숲 :장진영 장편소설 ,지은이: 장진영,민음사,2023,9788937473852,문학 > 한국문학 > 소설,2540
93,불안 ,지은이: 알랭 드 보통 ;정영목 옮김,은행나무,2012,9788956605593,"사회과학 > 사회학, 사회문제 > 사회조직 및 제도",2532
94,부자 아빠 가난한 아빠 :20주년 특별 기념판 ,지은이: 로버트 기요사키 ;옮긴이: 안진환,민음인,2018,9791158883591,사회과학 > 경제학 > 금융,2521
95,날씨가 좋으면 찾아가겠어요 :이도우 장편소설 ,지은이: 이도우,시공사,2018,9788952791160,문학 > 한국문학 > 소설,2495
96,아몬드 :손원평 장편소설 ,지은이: 손원평,창비,2017,9788936434267,문학 > 한국문학 > 소설,2484
97,눈부신 안부 :백수린 장편소설 ,지은이: 백수린,문학동네,2023,9788954699372,문학 > 한국문학 > 소설,2471
98,불편한 편의점 :김호연 장편소설,지은이: 김호연,나무옆의자,2022,9791161571379,문학 > 한국문학 > 소설,2451
99,인간 실격,다자이 오사무 지음;김춘미 옮김,민음사,2004,9788937461033,문학 > 일본문학 > 소설,2420
100,GV 빌런 고태경 :2020 한경신춘문예 당선작 ,지은이: 정대건,은행나무,2020,9791190492430,문학 > 한국문학 > 소설,2411
101,"첫 여름, 완주 :김금희 장편소설 ",저자 : 김금희,무제,2025,9791197221989,문학 > 한국문학 > 소설,2386
102,영원한 천국 :정유정 장편소설 ,지은이: 정유정,은행나무,2024,9791167374561,문학 > 한국문학 > 소설,2372
103,고래:천명관 장편소설,천명관 지음,문학동네,2004,9788982819278,문학 > 한국문학 > 소설,2360
104,달러구트 꿈 백화점 :이미예 장편소설 ,지은이: 이미예,팩토리나인,2021,9791165343729,문학 > 한국문학 > 소설,2338
105,비행운 :김애란 소설집 ,지은이: 김애란,문학과지성사,2012,9788932023151,문학 > 한국문학 > 소설,2330
106,유령의 마음으로 :임선우 소설집 ,지은이: 임선우,민음사,2022,9788937442698,문학 > 한국문학 > 소설,2321
107,타이탄의 도구들 :1만 시간의 법칙을 깬 거인들의 61가지 전략 ,팀 페리스 지음 ;정지현 옮김,Tornado(토네이도),2017,9791158510619,사회과학 > 경제학 > 경영관리,2316
107,마흔에 읽는 쇼펜하우어 :마음의 위기를 다스리는 철학 수업 ,강용수 지음,유노콘텐츠그룹,2023,9791192300818,"철학 > 서양철학 > 독일, 오스트리아철학",2316
109,당신이 누군가를 죽였다 ,지은이: 히가시노 게이고 ;옮긴이: 최고은,교보문고,2024,9791170611561,문학 > 일본문학 > 소설,2284
110,당신은 결국 무엇이든 해내는 사람 :김상현 에세이 ,지은이: 김상현,필름(필름출판사),2022,9791188469994,문학 > 한국문학 > 르포르타주 및 기타,2269
110,공룡의 이동 경로 :김화진 소설 ,지은이: 김화진,스위밍꿀,2023,9791196074470,문학 > 한국문학 > 소설,2269
112,피프티 피플 :정세랑 장편소설 ,지은이: 정세랑,창비,2016,9788936434243,문학 > 한국문학 > 소설,2264
113,연매장 :팡팡 장편소설 ,지은이: 팡팡 ;옮긴이: 문현선,문학동네,2025,9791141609962,문학 > 중국문학 > 소설,2262
114,너의 유토피아 :정보라 소설집 ,지은이: 정보라,인플루엔셜,2025,9791168342569,문학 > 한국문학 > 소설,2257
115,제철 행복 :김신지 에세이 ,지은이: 김신지,인플루엔셜,2024,9791168341890,문학 > 한국문학 > 르포르타주 및 기타,2251
116,재와 물거품 ,지은이: 김청귤,안전가옥,2021,9791191193114,문학 > 한국문학 > 소설,2247
117,아버지의 해방일지 :정지아 장편소설 ,지은이: 정지아,창비,2022,9788936438838,문학 > 한국문학 > 소설,2242
118,나는 왜 남들보다 쉽게 지칠까 :무던해 보이지만 누구보다 예민한 HSP를 위한 심리학 ,최재훈 지음,서스테인,2024,9791193388075,철학 > 심리학 > 차이심리학,2241
119,회색 인간 ,지은이: 김동식,요다,2017,9791196222628,문학 > 한국문학 > 소설,2230
120,"어서오세요, 휴남동 서점입니다 :황보름 장편소설 ",지은이: 황보름,클레이하우스,2022,9791197377143,문학 > 한국문학 > 소설,2224
121,살인자의 기억법 :김영하 장편소설 ,지은이: 김영하,문학동네,2013,9788954622035,문학 > 한국문학 > 소설,2219
122,밤에 찾아오는 구원자 :천선란 장편소설 ,지은이: 천선란,안전가옥,2021,9791191193138,문학 > 한국문학 > 소설,2200
123,이상한 집 ,우케쓰 지음 ;김은모 옮김,디앤씨미디어,2022,9791197708572,문학 > 일본문학 > 소설,2178
124,안녕이라 그랬어 :김애란 소설 ,지은이: 김애란,문학동네,2025,9791141602376,문학 > 한국문학 > 소설,2165
125,(The) money book :잘 살아갈 우리를 위한 금융생활 안내서 ,토스 엮음,비바리퍼블리카,2024,9791198686114,사회과학 > 경제학 > 금융,2155
126,율의 시선 :김민서 장편소설 ,지은이: 김민서,창비,2024,9788936457259,문학 > 한국문학 > 소설,2154
127,치즈 이야기 :조예은 소설 ,지은이: 조예은,문학동네,2025,9791141602567,문학 > 한국문학 > 소설,2143
128,미키7 :에드워드 애슈턴 SF 장편소설 ,지은이: 에드워드 애슈턴 ;옮긴이: 배지혜,황금가지,2022,9791170521730,문학 > 영미문학 > 소설,2137
129,도파민네이션 :쾌락 과잉 시대에서 균형 찾기 ,애나 렘키 지음 ;김두완 옮김,흐름출판,2022,9788965965046,철학 > 심리학 > 각론,2134
130,"오늘 밤, 세계에서 이 사랑이 사라진다 해도 ",이치조 미사키 지음 ;권영주 옮김,바이포엠,2021,9791191043297,문학 > 일본문학 > 소설,2107
131,버드 스트라이크 :구병모 장편소설 ,지은이: 구병모,창비,2019,9788936434359,문학 > 한국문학 > 소설,2096
131,공정하다는 착각 :능력주의는 모두에게 같은 기회를 제공하는가 ,마이클 샌델 지음 ;함규진 옮김,미래엔,2020,9791164136452,"사회과학 > 사회학, 사회문제 > 사회조직 및 제도",2096
133,데미안 ,지은이: 헤르만 헤세 ;옮긴이: 전영애,민음사,2000,9788937460449,문학 > 독일문학 > 소설,2070
134,악마의 계약서는 만기 되지 않는다 :리러하 장편소설 ,지은이: 리러하,팩토리나인,2022,9791165345839,문학 > 한국문학 > 소설,2020
135,행성어 서점 :김초엽 짧은 소설 ,지은이: 김초엽 ;그린이: 최인호,마음산책,2021,9788960907003,문학 > 한국문학 > 소설,2004
136,어른의 행복은 조용하다 ,글: 태수,페이지2북스,2024,9791169851053,문학 > 한국문학 > 르포르타주 및 기타,1999
137,메리골드 마음 세탁소 =윤정은 장편소설 /Marigold mind laundry ,글: 윤정은,북로망스,2023,9791191891287,문학 > 한국문학 > 소설,1993
138,가재가 노래하는 곳 :델리아 오언스 장편소설 ,지은이: 델리아 오언스 ;옮긴이: 김선형,살림출판사,2019,9788952240569,문학 > 영미문학 > 소설,1985
139,"사피엔스 :유인원에서 사이보그까지, 인간 역사의 대담하고 위대한 질문 ",지은이: 유발 하라리 ;옮긴이: 조현욱,김영사,2015,9788934972464,"역사 > 역사 > 세계사, 세계문화사",1977
140,고백 :미나토 가나에 장편소설 ,지은이: 미나토 가나에 ;옮긴이: 김선영,비채,2009,9788992036962,문학 > 일본문학 > 소설,1974
141,작별인사 :김영하 장편소설 ,지은이: 김영하,복복서가,2022,9791191114225,문학 > 한국문학 > 소설,1960
142,지적 대화를 위한 넓고 얕은 지식 :한 권으로 현실 세계를 통달하는 지식 여행서,채사장 지음,Whale Books(웨일북),2020,9791190313186,"총류 > 총류 > 지식, 학문 일반",1959
143,양면의 조개껍데기 :김초엽 소설집 ,지은이: 김초엽,인플루엔셜,2025,9791168343108,문학 > 한국문학 > 소설,1950
144,히든 픽처스 ,제이슨 르쿨락 지음 ;유소영 옮김,문학수첩,2024,9791193790083,문학 > 영미문학 > 소설,1946
145,광인 :이혁진 장편소설 ,지은이: 이혁진,민음사,2023,9788937454677,문학 > 한국문학 > 소설,1925
146,리틀 라이프 :한야 야나기하라 장편소설,지은이: 한야 야나기하라 ;옮긴이: 권진아,시공사,2016,9788952776372,문학 > 영미문학 > 소설,1910
147,서랍에 저녁을 넣어 두었다 :한강 시집 ,지은이: 한강,문학과지성사,2013,9788932024639,문학 > 한국문학 > 시,1904
147,원씽 :복잡한 세상을 이기는 단순함의 힘 ,"게리 켈러,구세희 옮김",비즈니스북스,2013,9788997575169,사회과학 > 경제학 > 경영관리,1904
147,다정한 것이 살아남는다 ,"지은이: 브라이언 헤어,옮긴이: 이민아",디플롯,2021,9791197413025,철학 > 심리학 > 차이심리학,1904
150,탕비실 :이미예 소설 ,지은이: 이미예,오팬하우스,2024,9791198809940,문학 > 한국문학 > 소설,1900
151,세상의 마지막 기차역 ,무라세 다케시 지음 ;김지연 옮김,바이포엠 스튜디오,2022,9791191043754,문학 > 일본문학 > 소설,1899
152,파친코 :이민진 장편소설 ,지은이: 이민진 ;옮긴이: 신승미,인플루엔셜,2022,9791168340510,문학 > 영미문학 > 소설,1892
153,스토너 :존 윌리엄스 장편소설 ,지은이: 존 윌리엄스 ;옮긴이: 김승욱,RHK(알에이치코리아),2015,9788925554990,문학 > 영미문학 > 소설,1884
154,노랜드 :천선란 소설집 ,지은이: 천선란,한겨레엔,2022,9791160404944,문학 > 한국문학 > 소설,1881
155,H마트에서 울다 ,미셸 자우너 지음 ;정혜윤 옮김,문학동네,2022,9788954683371,문학 > 영미문학 > 르포르타주 및 기타,1879
156,쓰게 될 것 :최진영 소설집 ,지은이: 최진영,안온(안온북스),2024,9791192638379,문학 > 한국문학 > 소설,1868
157,"악마와 함께 춤을 :시기, 질투, 분노는 어떻게 삶의 거름이 되는가 ",크리스타 K. 토마슨 지음 ;한재호 옮김,흐름출판,2024,9788965966814,철학 > 심리학 > 각론,1865
157,녹나무의 파수꾼 =The camphorwood custodian ,저자: 히가시노 게이고 ;옮긴이: 양윤옥,소미미디어,2020,9791165075064,문학 > 일본문학 > 소설,1865
159,"딸아, 돈 공부 절대 미루지 마라 :돈과 인생에 대한 가장 현실적인 조언 50 ",박소연 지음,메이븐,2023,9791190538572,사회과학 > 경제학 > 금융,1863
160,토막 난 우주를 안고서 ,"지은이: 김초엽,조서월",허블,2025,9791193078563,문학 > 한국문학 > 소설,1852
161,데일 카네기 인간관계론 ,데일 카네기 지음 ;임상훈 옮김,현대지성,2019,9791187142560,"사회과학 > 사회학, 사회문제 > 사회학",1850
162,장미와 나이프 ,지은이: 히가시노 게이고 ;옮긴이: 김윤경,오팬하우스,2025,9791194930136,문학 > 일본문학 > 소설,1849
163,여름의 빌라 :백수린 소설 ,지은이: 백수린,문학동네,2020,9788954673105,문학 > 한국문학 > 소설,1846
164,일억 번째 여름 :청예 장편소설 ,지은이: 청예,창비,2025,9788936431556,문학 > 한국문학 > 소설,1831
165,악의 ,지은이: 히가시노 게이고 ;옮긴이: 양윤옥,현대문학,2019,9788972750031,문학 > 일본문학 > 소설,1825
166,직장 상사 악령 퇴치부 :이사구 연작소설집 ,지은이: 이사구,황금가지,2024,9791170523550,문학 > 한국문학 > 소설,1823
167,미움받을 용기 :자유롭고 행복한 삶을 위한 아들러의 가르침 ,"기시미 이치로,전경아 옮김",인플루엔셜,2014,9788996991342,철학 > 심리학 > 응용심리학 일반,1818
168,희망 :양귀자 장편소설 ,지은이: 양귀자,쓰다,2020,9788998441081,문학 > 한국문학 > 소설,1808
169,좋은 사람 도감 ,"묘엔 스구루,이지수 옮김",서교책방,2025,9791198944047,문학 > 일본문학 > 르포르타주 및 기타,1802
170,눈에 갇힌 외딴 산장에서,"히가시노 게이고 (지은이), 김난주 (옮긴이)",재인,2023,9791192483191,,1797
171,다섯 번째 감각 :김보영 소설집 ,지은이: 김보영,아작,2022,9791166686603,문학 > 한국문학 > 소설,1793
172,상실의 시대 :무라카미 하루키 장편소설 ,지은이: 무라카미 하루키 ;옮긴이: 유유정,문학사상,2011,9788970123691,문학 > 일본문학 > 소설,1791
173,일의 기쁨과 슬픔 :장류진 소설집 ,지은이: 장류진,창비,2019,9788936438036,문학 > 한국문학 > 소설,1758
174,28 :정유정 장편소설 ,지은이: 정유정,은행나무,2013,9788956607030,문학 > 한국문학 > 소설,1754
175,나인 :천선란 장편소설 ,지은이: 천선란,창비,2021,9788936438609,문학 > 한국문학 > 소설,1731
176,1차원이 되고 싶어 :박상영 장편소설 ,지은이: 박상영,문학동네,2021,9788954682749,문학 > 한국문학 > 소설,1730
177,노르웨이의 숲 =Noruuei no mori ,지은이: 무라카미 하루키 ;옮긴이: 양억관,민음사,2013,9788937463105,문학 > 일본문학 > 소설,1726
178,파과 :구병모 장편소설 ,지은이: 구병모,자음과모음,2013,9788957077740,문학 > 한국문학 > 소설,1721
179,"궤도의 밖에서, 나의 룸메이트에게 :전삼혜 장편소설 ",지은이: 전삼혜,문학동네,2021,9788954679527,문학 > 한국문학 > 소설,1712
180,너무나 많은 여름이 ,김연수 지음,레제,2023,9791196722012,문학 > 한국문학 > 소설,1707
181,파친코 :이민진 장편소설,이민진 지음 ;이미정 옮김,문학사상,2018,9788970129815,문학 > 영미문학 > 소설,1704
182,봉제인형 살인사건 :다니엘 콜 장편소설 ,저자: 다니엘 콜 ;옮긴이: 유혜인,Book plaza(북플라자),2017,9788998274931,문학 > 영미문학 > 소설,1700
183,하우스 메이드 ,프리다 맥파든 지음 ;김은영 옮김,Book Plaza(북플라자),2023,9791190157551,문학 > 영미문학 > 소설,1697
184,렛뎀 이론 :인생이 '나'로 충만해지는 내버려두기의 기술 ,"멜 로빈스,윤효원 옮김",비즈니스북스,2025,9791162544327,철학 > 심리학 > 응용심리학 일반,1696
185,사서함 110호의 우편물 :이도우 장편소설 ,지은이: 이도우,시공사,2016,9788952782076,문학 > 한국문학 > 소설,1690
185,사서함 110호의 우편물 :이도우 장편소설 ,지은이: 이도우,수박설탕,2022,9791197671708,문학 > 한국문학 > 소설,1690
187,정의란 무엇인가 ,지은이: 마이클 샌델 ;옮긴이: 김명철,미래엔,2014,9788937834790,"철학 > 윤리학, 도덕철학 > 국가 및 정치윤리",1681
188,생각 중독 :불안과 후회를 끊어내고 오늘을 사는 법 ,닉 트렌턴 지음 ;박지선 옮김,웅진씽크빅,2024,9788901280486,철학 > 심리학 > 각론,1678
188,팩트풀니스 :우리가 세상을 오해하는 10가지 이유와 세상이 생각보다 괜찮은 이유 ,"지은이: 한스 로슬링,옮긴이: 이창신",김영사,2019,9788934985068,"사회과학 > 사회학, 사회문제 > 사회학",1678
190,역행자 :돈·시간·운명으로부터 완전한 자유를 얻는 7단계 인생 공략집 ,자청 지음,웅진씽크빅,2022,9788901260716,사회과학 > 경제학 > 경영관리,1676
191,호밀밭의 파수꾼 ,지은이: J. D. 샐린저 ;옮긴이: 정영목,민음사,2023,9788937460470,문학 > 영미문학 > 소설,1670
191,"경험의 멸종 :기술이 경험을 대체하는 시대, 인간은 계속 인간일 수 있을까 ",크리스틴 로젠 지음 ;이영래 옮김,어크로스(어크로스출판그룹),2025,9791167742063,"사회과학 > 사회학, 사회문제 > 사회학",1670
193,달리기를 말할 때 내가 하고 싶은 이야기 =What I talk about when I talk about running ,무라카미 하루키 지음 ;임홍빈 옮김,문학사상,2009,9788970128337,문학 > 일본문학 > 수필,1659
194,맡겨진 소녀 :클레어 키건 소설 ,지은이: 클레어 키건 ;옮긴이: 허진,다산북스,2023,9791130698199,문학 > 영미문학 > 소설,1658
195,여행의 이유 :김영하 산문 ,지은이: 김영하,문학동네,2019,9788954655972,"문학 > 한국문학 > 일기, 서간, 기행",1657
196,이기적 유전자 ,리처드 도킨스 지음 ;이상임 옮김,을유문화사,2018,9788932473901,자연과학 > 동물학 > 일반 동물학,1648
197,단 한 번의 삶 ,지은이: 김영하,복복서가,2025,9791191114768,문학 > 한국문학 > 수필,1643
198,누굴 죽였을까 :정해연 장편소설 ,지은이: 정해연,교보문고,2024,9791170611028,문학 > 한국문학 > 소설,1640
199,선량한 차별주의자 ,김지혜 지음,창비,2019,9788936477196,"사회과학 > 사회학, 사회문제 > 사회문제",1638
200,삼체 =The three body ,류츠신 지음 ;허유영 옮김,자음과모음,2020,9788954442701,문학 > 중국문학 > 소설,1626
